{
    "incremental": "on",
    "rlimit": {
        "data": -1,
        "stack": -1
    },
    "stat": {
        "ru_self_cgstart": {
            "ru_utime_sec": 0.13535800000000001,
            "ru_stime_sec": 0.067169999999999994,
            "ru_maxrss_kb": 74180,
            "ru_nvcsw": 194,
            "ru_minflt": 24484,
            "ru_majflt": 0,
            "ru_nivcsw": 6
        },
        "quadSpeed": 74823.715119479093,
        "nMops": 18899,
        "ru_childs_cgstart": {
            "ru_utime_sec": 0.015613,
            "ru_stime_sec": 0.018769999999999998,
            "ru_maxrss_kb": 26736,
            "ru_nvcsw": 20,
            "ru_minflt": 6918,
            "ru_majflt": 0,
            "ru_nivcsw": 8
        },
        "mop/quad": 2.6230395558639832,
        "peak_mem_kb": 245464,
        "cpu_cycles_cgstart": 18662210556757924,
        "mopSpeed": 196265.56447509167,
        "ru_self_end": {
            "ru_utime_sec": 0.231651,
            "ru_stime_sec": 0.098850999999999994,
            "ru_maxrss_kb": 87788,
            "ru_nvcsw": 313,
            "ru_minflt": 28499,
            "ru_majflt": 0,
            "ru_nivcsw": 8
        },
        "totalObjSize": 336532,
        "Frontend(%)": 61.056603468357707,
        "CodeGen(%)": 38.943396531642293,
        "nQuads": 7205,
        "ru_childs_end": {
            "ru_utime_sec": 0.015613,
            "ru_stime_sec": 0.018769999999999998,
            "ru_maxrss_kb": 26736,
            "ru_nvcsw": 20,
            "ru_minflt": 6918,
            "ru_majflt": 0,
            "ru_nivcsw": 8
        },
        "cpu_cycles_end": 18662210973946251,
        "cpu_cycles_total": 1308505671,
        "outputSizePerQuad": 46.708119361554473,
        "realTime": 0.56612110137939453
    },
    "cycles_program_begin": 18662209665440580,
    "CompileStatus": "Successful",
    "PEModules": [],
    "cpu_cycles_pass2_start": 18662210556696380,
    "PrevCompiledModules": {},
    "perf": [
        [
            0.15389513969421387,
            0.038531000000000003,
            0.035567000000000001,
            228500,
            229300,
            1621019760.6149831,
            18662209986073542,
            "doParsingAndDesignResolution",
            "entry"
        ],
        [
            0.17501997947692871,
            0.055478,
            0.039627000000000002,
            230180,
            230828,
            1621019760.6361079,
            18662210036670424,
            "doParsingAndDesignResolution",
            "exit"
        ],
        [
            0.184967041015625,
            0.055511999999999999,
            0.042625000000000003,
            230344,
            230828,
            1621019760.646055,
            18662210060715284,
            "doPostDesignResolutionToVir2Vcs",
            "entry"
        ],
        [
            0.2159581184387207,
            0.078028,
            0.045434000000000002,
            231344,
            231348,
            1621019760.6770461,
            18662210134805356,
            "doUptoVir2VcsNoSepCleanup",
            "entry"
        ],
        [
            0.33655405044555664,
            0.13130600000000001,
            0.059498000000000002,
            232944,
            245292,
            1621019760.797642,
            18662210423916744,
            "doUptoVir2VcsNoSepCleanup",
            "exit"
        ],
        [
            0.33666706085205078,
            0.131384,
            0.059533000000000003,
            232944,
            245292,
            1621019760.797755,
            18662210424185742,
            "doRadify_vir2vcsAll",
            "entry"
        ],
        [
            0.34393215179443359,
            0.13502400000000001,
            0.061373999999999998,
            233840,
            245292,
            1621019760.8050201,
            18662210441590404,
            "doRadify_vir2vcsAll",
            "exit"
        ],
        [
            0.34399104118347168,
            0.13506499999999999,
            0.061393000000000003,
            233840,
            245292,
            1621019760.805079,
            18662210441698928,
            "doPostDesignResolutionToVir2Vcs",
            "exit"
        ],
        [
            0.34403300285339355,
            0.13509399999999999,
            0.061406000000000002,
            233840,
            245292,
            1621019760.8051209,
            18662210441793690,
            "doGAToPass2",
            "entry"
        ],
        [
            0.3919370174407959,
            0.135301,
            0.067141999999999993,
            232284,
            245292,
            1621019760.853025,
            18662210556677654,
            "DoPass2",
            "entry"
        ],
        [
            0.53200316429138184,
            0.229015,
            0.087279999999999996,
            245436,
            245464,
            1621019760.9930911,
            18662210892632676,
            "DoPass2",
            "exit"
        ]
    ],
    "MlibObjs": {},
    "NameTable": {
        "std": [
            "std",
            "reYIK",
            "module",
            1
        ],
        "testbench1": [
            "testbench1",
            "zgQfh",
            "module",
            2
        ],
        "...MASTER...": [
            "SIM",
            "amcQw",
            "module",
            3
        ]
    },
    "Misc": {
        "vcs_version": "N-2017.12-SP2-1_Full64",
        "vcs_build_date": "Build Date = Jul 14 2018 20:29:59",
        "csrc_abs": "/afs/umich.edu/user/s/u/sunsusan/Desktop/nonuniform_fb/hdlsrc/csrc",
        "master_pid": 21586,
        "VCS_HOME": "/usr/caen/vcs-2017.12-SP2-1",
        "cwd": "/afs/umich.edu/user/s/u/sunsusan/Desktop/nonuniform_fb/hdlsrc",
        "archive_dir": "archive.0",
        "csrc": "csrc",
        "daidir": "/afs/umich.edu/user/s/u/sunsusan/Desktop/nonuniform_fb/hdlsrc/simv.daidir",
        "daidir_abs": "/afs/umich.edu/user/s/u/sunsusan/Desktop/nonuniform_fb/hdlsrc/simv.daidir",
        "default_output_dir": "csrc"
    },
    "CompileStrategy": "fullobj",
    "CurCompileUdps": {},
    "SIMBData": {
        "out": "amcQwB.o",
        "bytes": 99340,
        "text": 0,
        "archive": "archive.0/_21586_archive_1.a"
    },
    "CompileProcesses": [
        "cgproc.21586.json"
    ],
    "CurCompileModules": [
        "...MASTER...",
        "...MASTER...",
        "std",
        "std",
        "testbench1",
        "testbench1"
    ],
    "LVLData": [
        "SIM"
    ]
}