{
    "Modules": {
        "...MASTER...": {
            "start_perf": [
                0.39206814765930176,
                0.13538900000000001,
                0.067184999999999995,
                232284,
                245292,
                1621019760.8531561,
                18662210556966842
            ],
            "child_modules": {
                "std": 1,
                "testbench1": 1
            },
            "end_perf": [
                0.40267515182495117,
                0.138518,
                0.069259000000000001,
                234756,
                245292,
                18662210582409774,
                0,
                0
            ],
            "nQuads": 0,
            "nMops": 0,
            "nRouts": 5
        },
        "std": {
            "start_perf": [
                0.40278005599975586,
                0.13858899999999999,
                0.069293999999999994,
                234756,
                245292,
                1621019760.863868,
                18662210582636474
            ],
            "child_modules": {},
            "Compiled": "Yes",
            "nMops": 472,
            "nRouts": 33,
            "Compiled Times": 1,
            "end_perf": [
                0.41934704780578613,
                0.14499600000000001,
                0.073005,
                238176,
                245292,
                18662210622406378,
                8589934594,
                0
            ],
            "nQuads": 218,
            "svclass": [
                "$vcs_nba_dyn_obj",
                385,
                37,
                2,
                2,
                0,
                "sigprop$$",
                385,
                37,
                2,
                2,
                0,
                "process",
                1645,
                184,
                8,
                8,
                0,
                "event",
                462,
                36,
                2,
                2,
                0,
                "mailbox",
                922,
                107,
                9,
                9,
                0,
                "semaphore",
                682,
                71,
                5,
                5,
                0
            ]
        },
        "testbench1": {
            "start_perf": [
                0.41943001747131348,
                0.14499600000000001,
                0.073088,
                238176,
                245292,
                1621019760.880518,
                18662210622547176
            ],
            "child_modules": {},
            "Compiled": "Yes",
            "nMops": 18427,
            "significant_routs": [
                [
                    75,
                    "R_VCSgd_zgQfh_4b",
                    5785224,
                    4108,
                    833
                ],
                [
                    119,
                    "R_VCSgd_zgQfh_77",
                    5620972,
                    3764,
                    551
                ],
                [
                    133,
                    "R_VCSgd_zgQfh_85",
                    5876894,
                    5171,
                    652
                ],
                [
                    151,
                    "R_VCSgd_zgQfh_97",
                    12001424,
                    10956,
                    2208
                ],
                [
                    152,
                    "R_VCSgd_zgQfh_98",
                    19416012,
                    17196,
                    2863
                ]
            ],
            "nRouts": 588,
            "Compiled Times": 1,
            "end_perf": [
                0.51319408416748047,
                0.229015,
                0.082727999999999996,
                243776,
                245292,
                18662210847346734,
                12884901889,
                0
            ],
            "nQuads": 6987
        }
    },
    "ObjArchives": [
        {
            "archive": "archive.0/_21586_archive_1.a",
            "objects": [
                [
                    "reYIK_d.o",
                    33820
                ],
                [
                    "zgQfh_d.o",
                    195688
                ],
                [
                    "amcQwB.o",
                    99340
                ]
            ],
            "size": 328848
        }
    ],
    "CompUnits": {
        "amcQw_d": {
            "mode": 4,
            "out": "objs/amcQw_d.o",
            "mod": "...MASTER...",
            "bytes": 7684,
            "text": 434,
            "checksum": 0
        },
        "reYIK_d": {
            "mode": 4,
            "out": "reYIK_d.o",
            "mod": "std",
            "bytes": 33820,
            "text": 4774,
            "cls": 4481,
            "archive": "archive.0/_21586_archive_1.a",
            "checksum": 0
        },
        "zgQfh_d": {
            "mode": 4,
            "out": "zgQfh_d.o",
            "mod": "testbench1",
            "bytes": 195688,
            "text": 128413,
            "archive": "archive.0/_21586_archive_1.a",
            "checksum": 0
        }
    },
    "reusePaths": {},
    "stat": {
        "ru_self_end": {
            "ru_utime_sec": 0.23150499999999999,
            "ru_stime_sec": 0.098213999999999996,
            "ru_maxrss_kb": 87788,
            "ru_nvcsw": 310,
            "ru_minflt": 28495,
            "ru_majflt": 0,
            "ru_nivcsw": 8
        },
        "ru_childs_end": {
            "ru_utime_sec": 0.015613,
            "ru_stime_sec": 0.018769999999999998,
            "ru_maxrss_kb": 26736,
            "ru_nvcsw": 20,
            "ru_minflt": 6918,
            "ru_majflt": 0,
            "ru_nivcsw": 8
        },
        "cpu_cycles_end": 18662210967368376,
        "peak_mem_kb": 245464
    }
}