{
    "cycles_program_begin": 16890179346713642,
    "CurCompileUdps": {},
    "CompileStrategy": "fullobj",
    "perf": [
        [
            0.17003512382507324,
            0.050070000000000003,
            0.04496,
            228500,
            229300,
            1620930227.765161,
            16890179639694598,
            "doParsingAndDesignResolution",
            "entry"
        ],
        [
            0.23708105087280273,
            0.11078499999999999,
            0.049801999999999999,
            231592,
            232240,
            1620930227.832207,
            16890179786827688,
            "doParsingAndDesignResolution",
            "exit"
        ],
        [
            0.24237608909606934,
            0.11078499999999999,
            0.051862999999999999,
            231776,
            232240,
            1620930227.837502,
            16890179798456536,
            "doPostDesignResolutionToVir2Vcs",
            "entry"
        ],
        [
            0.31678009033203125,
            0.17046700000000001,
            0.061806,
            232616,
            232620,
            1620930227.911906,
            16890179961739278,
            "doUptoVir2VcsNoSepCleanup",
            "entry"
        ],
        [
            1.0095980167388916,
            0.62191799999999997,
            0.152224,
            239044,
            251392,
            1620930228.6047239,
            16890181482383472,
            "doUptoVir2VcsNoSepCleanup",
            "exit"
        ],
        [
            1.0098161697387695,
            0.62209899999999996,
            0.15226899999999999,
            239044,
            251392,
            1620930228.6049421,
            16890181482790978,
            "doRadify_vir2vcsAll",
            "entry"
        ],
        [
            1.0461380481719971,
            0.65052299999999996,
            0.15736800000000001,
            239912,
            251392,
            1620930228.641264,
            16890181562578606,
            "doRadify_vir2vcsAll",
            "exit"
        ],
        [
            1.0462291240692139,
            0.65059900000000004,
            0.157386,
            239912,
            251392,
            1620930228.641355,
            16890181562718910,
            "doPostDesignResolutionToVir2Vcs",
            "exit"
        ],
        [
            1.0462901592254639,
            0.650648,
            0.15739800000000001,
            239912,
            251392,
            1620930228.6414161,
            16890181562826790,
            "doGAToPass2",
            "entry"
        ],
        [
            1.1440470218658447,
            0.65119199999999999,
            0.16553999999999999,
            238096,
            251392,
            1620930228.7391729,
            16890181777475122,
            "DoPass2",
            "entry"
        ],
        [
            2.1255471706390381,
            1.451004,
            0.24150099999999999,
            254548,
            254576,
            1620930229.7206731,
            16890183931895948,
            "DoPass2",
            "exit"
        ]
    ],
    "CompileStatus": "Successful",
    "cpu_cycles_pass2_start": 16890181777517502,
    "MlibObjs": {},
    "PEModules": [],
    "CompileProcesses": [
        "cgproc.2745.json"
    ],
    "PrevCompiledModules": {},
    "SIMBData": {
        "out": "amcQwB.o",
        "archive": "archive.0/_2745_archive_1.a",
        "bytes": 100864,
        "text": 0
    },
    "CurCompileModules": [
        "...MASTER...",
        "...MASTER...",
        "std",
        "std",
        "testbench",
        "testbench",
        "filter8",
        "filter8",
        "filter9",
        "filter9",
        "filter10",
        "filter10",
        "filter11",
        "filter11",
        "filter12",
        "filter12",
        "filter13",
        "filter13",
        "filter14",
        "filter14",
        "filter15",
        "filter15",
        "filter16",
        "filter16"
    ],
    "LVLData": [
        "SIM"
    ],
    "NameTable": {
        "std": [
            "std",
            "reYIK",
            "module",
            1
        ],
        "filter13": [
            "filter13",
            "yaKdZ",
            "module",
            8
        ],
        "filter14": [
            "filter14",
            "Edc5A",
            "module",
            9
        ],
        "filter10": [
            "filter10",
            "Ahe9s",
            "module",
            5
        ],
        "testbench": [
            "testbench",
            "iAVhC",
            "module",
            2
        ],
        "filter16": [
            "filter16",
            "tC43H",
            "module",
            11
        ],
        "filter8": [
            "filter8",
            "L7YTh",
            "module",
            3
        ],
        "filter9": [
            "filter9",
            "tzFxa",
            "module",
            4
        ],
        "filter11": [
            "filter11",
            "ZhBzp",
            "module",
            6
        ],
        "filter12": [
            "filter12",
            "fnG5C",
            "module",
            7
        ],
        "filter15": [
            "filter15",
            "RSF23",
            "module",
            10
        ],
        "...MASTER...": [
            "SIM",
            "amcQw",
            "module",
            12
        ]
    },
    "stat": {
        "ru_self_cgstart": {
            "ru_majflt": 115,
            "ru_utime_sec": 0.65137100000000003,
            "ru_stime_sec": 0.16558600000000001,
            "ru_maxrss_kb": 74352,
            "ru_minflt": 29095,
            "ru_nvcsw": 476,
            "ru_nivcsw": 109
        },
        "CodeGen(%)": 54.232521738425213,
        "ru_childs_cgstart": {
            "ru_majflt": 0,
            "ru_utime_sec": 0.025822000000000001,
            "ru_stime_sec": 0.030421,
            "ru_maxrss_kb": 24100,
            "ru_minflt": 6918,
            "ru_nvcsw": 22,
            "ru_nivcsw": 10
        },
        "cpu_cycles_cgstart": 16890181777792524,
        "ru_childs_end": {
            "ru_majflt": 0,
            "ru_utime_sec": 0.025822000000000001,
            "ru_stime_sec": 0.030421,
            "ru_maxrss_kb": 24100,
            "ru_minflt": 6918,
            "ru_nvcsw": 22,
            "ru_nivcsw": 10
        },
        "nMops": 237032,
        "quadSpeed": 65902.335985643876,
        "outputSizePerQuad": 42.856797080347178,
        "nQuads": 52883,
        "ru_self_end": {
            "ru_majflt": 159,
            "ru_utime_sec": 1.453816,
            "ru_stime_sec": 0.31131799999999998,
            "ru_maxrss_kb": 94744,
            "ru_minflt": 36876,
            "ru_nvcsw": 968,
            "ru_nivcsw": 153
        },
        "totalObjSize": 2266396,
        "cpu_cycles_total": 4880316886,
        "cpu_cycles_end": 16890184227030528,
        "mopSpeed": 295387.22280031652,
        "mop/quad": 4.4821965470945297,
        "Frontend(%)": 45.767478261574794,
        "peak_mem_kb": 254576,
        "realTime": 2.260263204574585
    },
    "incremental": "on",
    "Misc": {
        "default_output_dir": "csrc",
        "vcs_version": "N-2017.12-SP2-1_Full64",
        "daidir": "/afs/umich.edu/user/s/u/sunsusan/Desktop/nonuniform_fb/serial_13_new/simv.daidir",
        "vcs_build_date": "Build Date = Jul 14 2018 20:29:59",
        "cwd": "/afs/umich.edu/user/s/u/sunsusan/Desktop/nonuniform_fb/serial_13_new",
        "csrc_abs": "/afs/umich.edu/user/s/u/sunsusan/Desktop/nonuniform_fb/serial_13_new/csrc",
        "master_pid": 2745,
        "VCS_HOME": "/usr/caen/vcs-2017.12-SP2-1",
        "csrc": "csrc",
        "daidir_abs": "/afs/umich.edu/user/s/u/sunsusan/Desktop/nonuniform_fb/serial_13_new/simv.daidir",
        "archive_dir": "archive.0"
    },
    "rlimit": {
        "data": -1,
        "stack": -1
    }
}