{
    "cycles_program_begin": 18655084654137484,
    "CompileStrategy": "fullobj",
    "NameTable": {
        "std": [
            "std",
            "reYIK",
            "module",
            1
        ],
        "filter9": [
            "filter9",
            "tzFxa",
            "module",
            4
        ],
        "filter13": [
            "filter13",
            "yaKdZ",
            "module",
            8
        ],
        "testbench": [
            "testbench",
            "iAVhC",
            "module",
            2
        ],
        "filter10": [
            "filter10",
            "Ahe9s",
            "module",
            5
        ],
        "filter12": [
            "filter12",
            "fnG5C",
            "module",
            7
        ],
        "filter8": [
            "filter8",
            "L7YTh",
            "module",
            3
        ],
        "filter11": [
            "filter11",
            "ZhBzp",
            "module",
            6
        ],
        "filter14": [
            "filter14",
            "Edc5A",
            "module",
            9
        ],
        "...MASTER...": [
            "SIM",
            "amcQw",
            "module",
            12
        ],
        "filter15": [
            "filter15",
            "RSF23",
            "module",
            10
        ],
        "filter16": [
            "filter16",
            "tC43H",
            "module",
            11
        ]
    },
    "perf": [
        [
            1.69447922706604,
            0.040445000000000002,
            0.132268,
            228652,
            229300,
            1621016788.9732611,
            18655086289545188,
            "doParsingAndDesignResolution",
            "entry"
        ],
        [
            2.1829071044921875,
            0.10359699999999999,
            0.16115199999999999,
            231792,
            232440,
            1621016789.461689,
            18655087460310231,
            "doParsingAndDesignResolution",
            "exit"
        ],
        [
            2.2099540233612061,
            0.10359699999999999,
            0.16316600000000001,
            231976,
            232440,
            1621016789.4887359,
            18655087525120953,
            "doPostDesignResolutionToVir2Vcs",
            "entry"
        ],
        [
            2.3799231052398682,
            0.16517599999999999,
            0.17741100000000001,
            233008,
            233012,
            1621016789.658705,
            18655087932581436,
            "doUptoVir2VcsNoSepCleanup",
            "entry"
        ],
        [
            3.1032111644744873,
            0.57863799999999999,
            0.25728499999999999,
            239284,
            251640,
            1621016790.3819931,
            18655089666536744,
            "doUptoVir2VcsNoSepCleanup",
            "exit"
        ],
        [
            3.1034982204437256,
            0.57883700000000005,
            0.25737399999999999,
            239284,
            251640,
            1621016790.3822801,
            18655089667120146,
            "doRadify_vir2vcsAll",
            "entry"
        ],
        [
            3.1357071399688721,
            0.60142200000000001,
            0.263567,
            240128,
            251640,
            1621016790.414489,
            18655089744355134,
            "doRadify_vir2vcsAll",
            "exit"
        ],
        [
            3.1357650756835938,
            0.60146299999999997,
            0.26358500000000001,
            240128,
            251640,
            1621016790.414547,
            18655089744458762,
            "doPostDesignResolutionToVir2Vcs",
            "exit"
        ],
        [
            3.1358070373535156,
            0.60149200000000003,
            0.263598,
            240128,
            251640,
            1621016790.4145889,
            18655089744554316,
            "doGAToPass2",
            "entry"
        ],
        [
            3.2019572257995605,
            0.602711,
            0.269339,
            238312,
            251640,
            1621016790.4807391,
            18655089903174544,
            "DoPass2",
            "entry"
        ],
        [
            4.0501141548156738,
            1.222027,
            0.31487100000000001,
            254372,
            254764,
            1621016791.328896,
            18655091936406831,
            "DoPass2",
            "exit"
        ]
    ],
    "MlibObjs": {},
    "PrevCompiledModules": {
        "filter12": {
            "fnG5C_d": {
                "mode": 4,
                "out": "fnG5C_d.o",
                "bytes": 104838,
                "mod": "filter12",
                "checksum": 0,
                "archive": "archive.1/_prev_archive_1.a"
            }
        },
        "filter8": {
            "L7YTh_d": {
                "mode": 4,
                "out": "L7YTh_d.o",
                "bytes": 106324,
                "mod": "filter8",
                "checksum": 0,
                "archive": "archive.1/_prev_archive_1.a"
            }
        },
        "filter9": {
            "tzFxa_d": {
                "mode": 4,
                "out": "tzFxa_d.o",
                "bytes": 106324,
                "mod": "filter9",
                "checksum": 0,
                "archive": "archive.1/_prev_archive_1.a"
            }
        },
        "std": {
            "reYIK_d": {
                "mode": 4,
                "out": "reYIK_d.o",
                "bytes": 33820,
                "mod": "std",
                "checksum": 0,
                "archive": "archive.1/_prev_archive_1.a"
            }
        },
        "filter13": {
            "yaKdZ_d": {
                "mode": 4,
                "out": "yaKdZ_d.o",
                "bytes": 110586,
                "mod": "filter13",
                "checksum": 0,
                "archive": "archive.1/_9404_archive_1.a"
            }
        },
        "testbench": {
            "iAVhC_d": {
                "mode": 4,
                "out": "iAVhC_d.o",
                "bytes": 1181778,
                "mod": "testbench",
                "checksum": 0,
                "archive": "archive.1/_9404_archive_1.a"
            }
        },
        "filter10": {
            "Ahe9s_d": {
                "mode": 4,
                "out": "Ahe9s_d.o",
                "bytes": 107966,
                "mod": "filter10",
                "checksum": 0,
                "archive": "archive.1/_prev_archive_1.a"
            }
        },
        "filter11": {
            "ZhBzp_d": {
                "mode": 4,
                "out": "ZhBzp_d.o",
                "bytes": 106358,
                "mod": "filter11",
                "checksum": 0,
                "archive": "archive.1/_prev_archive_1.a"
            }
        },
        "filter14": {
            "Edc5A_d": {
                "mode": 4,
                "out": "Edc5A_d.o",
                "bytes": 104838,
                "mod": "filter14",
                "checksum": 0,
                "archive": "archive.1/_prev_archive_1.a"
            }
        },
        "...MASTER...": {
            "amcQw_d": {
                "mode": 4,
                "out": "objs/amcQw_d.o",
                "bytes": 7684,
                "mod": "...MASTER...",
                "checksum": 0
            }
        },
        "filter15": {
            "RSF23_d": {
                "mode": 4,
                "out": "RSF23_d.o",
                "bytes": 104838,
                "mod": "filter15",
                "checksum": 0,
                "archive": "archive.1/_prev_archive_1.a"
            }
        },
        "filter16": {
            "tC43H_d": {
                "mode": 4,
                "out": "tC43H_d.o",
                "bytes": 90178,
                "mod": "filter16",
                "checksum": 0,
                "archive": "archive.1/_prev_archive_1.a"
            }
        }
    },
    "incremental": "on",