{
    "stat": {
        "ru_self_end": {
            "ru_utime_sec": 1.2265360000000001,
            "ru_stime_sec": 0.355076,
            "ru_nivcsw": 12,
            "ru_maxrss_kb": 100320,
            "ru_majflt": 1014,
            "ru_minflt": 32544,
            "ru_nvcsw": 1091
        },
        "ru_childs_end": {
            "ru_utime_sec": 0.017881999999999999,
            "ru_stime_sec": 0.024063000000000001,
            "ru_nivcsw": 11,
            "ru_maxrss_kb": 31380,
            "ru_majflt": 0,
            "ru_minflt": 6942,
            "ru_nvcsw": 23
        },
        "cpu_cycles_end": 18655092148418487,
        "peak_mem_kb": 254764
    },
    "Modules": {
        "filter15": {
            "end_perf": [
                3.9455912113189697,
                1.211573,
                0.30297400000000002,
                254376,
                254764,
                18655091685854852,
                77309411329,
                0
            ],
            "start_perf": [
                3.9315261840820312,
                1.197511,
                0.30297400000000002,
                254376,
                254764,
                1621016791.2103081,
                18655091652084310
            ],
            "Compiled Times": 2,
            "child_modules": {},
            "Compiled": "Yes",
            "nQuads": 2395,
            "nMops": 10432,
            "nRouts": 274
        },
        "...MASTER...": {
            "end_perf": [
                3.2151072025299072,
                0.60441400000000001,
                0.272698,
                238324,
                251640,
                18655089934692654,
                0,
                0
            ],
            "start_perf": [
                3.2022202014923096,
                0.60289199999999998,
                0.26941999999999999,
                238312,
                251640,
                1621016790.4810021,
                18655089903805136
            ],
            "child_modules": {
                "std": 1,
                "testbench": 1
            },
            "nQuads": 0,
            "nMops": 0,
            "nRouts": 5
        },
        "filter13": {
            "end_perf": [
                3.9174511432647705,
                1.183457,
                0.30295699999999998,
                254376,
                254764,
                18655091618400408,
                68719476737,
                0
            ],
            "start_perf": [
                3.874891996383667,
                1.1428929999999999,
                0.30096200000000001,
                252712,
                254764,
                1621016791.1536739,
                18655091516317630
            ],
            "Compiled Times": 2,
            "child_modules": {},
            "Compiled": "Yes",
            "nQuads": 2544,
            "nMops": 11083,
            "nRouts": 291
        },
        "std": {
            "end_perf": [
                3.2873470783233643,
                0.60838599999999998,
                0.27514899999999998,
                238340,
                251640,
                18655090107866876,
                8589934594,
                0
            ],
            "start_perf": [
                3.2152612209320068,
                0.60452099999999998,
                0.27274599999999999,
                238324,
                251640,
                1621016790.4940431,
                18655089935043254
            ],
            "child_modules": {},
            "Compiled Times": 2,
            "Compiled": "Yes",
            "nMops": 472,
            "svclass": [
                "$vcs_nba_dyn_obj",
                0,
                37,
                2,
                2,
                0,
                "sigprop$$",
                0,
                37,
                2,
                2,
                0,
                "process",
                0,
                184,
                8,
                8,
                0,
                "event",
                0,
                36,
                2,
                2,
                0,
                "mailbox",
                0,
                107,
                9,
                9,
                0,
                "semaphore",
                0,
                71,
                5,
                5,
                0
            ],
            "nQuads": 218,
            "nRouts": 33
        },
        "filter9": {
            "end_perf": [
                3.83231520652771,
                1.101091,
                0.30018499999999998,
                252712,
                254764,
                18655091414298260,
                51539607553,
                0
            ],
            "start_perf": [
                3.8183810710906982,
                1.0871580000000001,
                0.30018499999999998,
                252712,
                254764,
                1621016791.097163,
                18655091380857344
            ],
            "Compiled Times": 2,
            "child_modules": {},
            "Compiled": "Yes",
            "nQuads": 2439,
            "nMops": 10609,
            "nRouts": 279
        },
        "testbench": {
            "end_perf": [
                3.8039300441741943,
                1.073782,
                0.29911700000000002,
                252712,
                254764,
                18655091346269390,
                12884901889,
                0
            ],
            "start_perf": [
                3.2874171733856201,
                0.60843499999999995,
                0.275171,
                238340,
                251640,
                1621016790.5661991,
                18655090108007554
            ],
            "Compiled Times": 2,
            "child_modules": {
                "filter12": 1,
                "filter8": 1,
                "filter9": 1,
                "filter13": 1,
                "filter10": 1,
                "filter11": 1,
                "filter14": 1,
                "filter15": 1,
                "filter16": 1
            },
            "Compiled": "Yes",
            "nQuads": 31178,
            "nMops": 142713,
            "nRouts": 2651
        },
        "filter10": {
            "end_perf": [
                3.8466331958770752,
                1.11541,
                0.30018499999999998,
                252712,
                254764,
                18655091448670954,
                55834574849,
                0
            ],
            "start_perf": [
                3.8323910236358643,
                1.1011690000000001,
                0.30018499999999998,
                252712,
                254764,
                1621016791.1111729,
                18655091414433144
            ],
            "Compiled Times": 2,
            "child_modules": {},
            "Compiled": "Yes",
            "nQuads": 2473,
            "nMops": 10789,
            "nRouts": 282
        },
        "filter12": {
            "end_perf": [
                3.874812126159668,
                1.1428119999999999,
                0.30096200000000001,
                252712,
                254764,
                18655091516154600,
                64424509441,
                0
            ],
            "start_perf": [
                3.8608620166778564,
                1.1288629999999999,
                0.30096200000000001,
                252712,
                254764,
                1621016791.1396439,
                18655091482683962
            ],
            "Compiled Times": 2,
            "child_modules": {},
            "Compiled": "Yes",
            "nQuads": 2395,
            "nMops": 10432,
            "nRouts": 274
        },