{
    "Modules": {
        "filter9": {
            "start_perf": [
                1.7564101219177246,
                1.1606799999999999,
                0.22036900000000001,
                254552,
                254576,
                1620930229.351536,
                16890183121514618
            ],
            "Compiled Times": 1,
            "Compiled": "Yes",
            "child_modules": {},
            "significant_routs": [
                [
                    21,
                    "R_VCSgd_tzFxa_15",
                    14181820,
                    16485,
                    2736
                ]
            ],
            "end_perf": [
                1.7936291694641113,
                1.194993,
                0.223251,
                254552,
                254576,
                16890183203158800,
                51539607553,
                0
            ],
            "nQuads": 2439,
            "nMops": 10609,
            "nRouts": 279
        },
        "...MASTER...": {
            "start_perf": [
                1.1445000171661377,
                0.65137100000000003,
                0.16581499999999999,
                238096,
                251392,
                1620930228.7396259,
                16890181778403270
            ],
            "child_modules": {
                "std": 1,
                "testbench": 1
            },
            "end_perf": [
                1.1605620384216309,
                0.65202099999999996,
                0.174932,
                239080,
                251392,
                16890181813696710,
                0,
                0
            ],
            "nRouts": 5,
            "nMops": 0,
            "nQuads": 0
        },
        "filter14": {
            "start_perf": [
                1.9481830596923828,
                1.3442769999999999,
                0.22836699999999999,
                254552,
                254576,
                1620930229.543309,
                16890183542325122
            ],
            "Compiled Times": 1,
            "Compiled": "Yes",
            "child_modules": {},
            "significant_routs": [
                [
                    21,
                    "R_VCSgd_Edc5A_15",
                    14137612,
                    16195,
                    2688
                ]
            ],
            "end_perf": [
                1.9853579998016357,
                1.3804069999999999,
                0.229403,
                254552,
                254576,
                16890183623971880,
                73014444033,
                0
            ],
            "nQuads": 2395,
            "nMops": 10432,
            "nRouts": 274
        },
        "filter10": {
            "start_perf": [
                1.7937111854553223,
                1.1950620000000001,
                0.22326399999999999,
                254552,
                254576,
                1620930229.3888371,
                16890183203290932
            ],
            "Compiled Times": 1,
            "Compiled": "Yes",
            "child_modules": {},
            "significant_routs": [
                [
                    21,
                    "R_VCSgd_Ahe9s_15",
                    14744932,
                    16775,
                    2784
                ]
            ],
            "end_perf": [
                1.8328900337219238,
                1.2331859999999999,
                0.22430600000000001,
                254552,
                254576,
                16890183289317980,
                55834574849,
                0
            ],
            "nQuads": 2473,
            "nMops": 10789,
            "nRouts": 282
        },
        "filter13": {
            "start_perf": [
                1.9088871479034424,
                1.306054,
                0.22731299999999999,
                254552,
                254576,
                1620930229.5040131,
                16890183456076744
            ],
            "Compiled Times": 1,
            "Compiled": "Yes",
            "child_modules": {},
            "significant_routs": [
                [
                    21,
                    "R_VCSgd_yaKdZ_15",
                    16006012,
                    17355,
                    2880
                ]
            ],
            "end_perf": [
                1.9481070041656494,
                1.344211,
                0.228356,
                254552,
                254576,
                16890183542195392,
                68719476737,
                0
            ],
            "nQuads": 2539,
            "nMops": 11082,
            "nRouts": 290
        },
        "std": {
            "start_perf": [
                1.1607639789581299,
                0.65218100000000001,
                0.17497499999999999,
                239080,
                251392,
                1620930228.7558899,
                16890181814092054
            ],
            "Compiled Times": 1,
            "Compiled": "Yes",
            "child_modules": {},
            "significant_routs": [
                [
                    7,
                    "F_VCSgd_reYIK_7_0",
                    42800918,
                    461,
                    32
                ]
            ],
            "end_perf": [
                1.2014081478118896,
                0.66169299999999998,
                0.180371,
                242116,
                251392,
                16890181903380276,
                8589934594,
                0
            ],
            "nMops": 472,
            "svclass": [
                "$vcs_nba_dyn_obj",
                385,
                37,
                2,
                2,
                0,
                "sigprop$$",
                385,
                37,
                2,
                2,
                0,
                "process",
                1645,
                184,
                8,
                8,
                0,
                "event",
                462,
                36,
                2,
                2,
                0,
                "mailbox",
                922,
                107,
                9,
                9,
                0,
                "semaphore",
                682,
                71,
                5,
                5,
                0
            ],
            "nQuads": 218,
            "nRouts": 33
        },
        "testbench": {
            "start_perf": [
                1.2015230655670166,
                0.66169299999999998,
                0.18048700000000001,
                242116,
                251392,
                1620930228.796649,
                16890181903543082
            ],
            "Compiled Times": 1,
            "Compiled": "Yes",
            "child_modules": {
                "filter15": 1,
                "filter16": 1,
                "filter8": 1,
                "filter9": 1,
                "filter10": 1,
                "filter14": 1,
                "filter13": 1,
                "filter11": 1,
                "filter12": 1
            },