{
    "CompUnits": {
        "amcQw_d": {
            "mod": "...MASTER...",
            "out": "objs/amcQw_d.o",
            "mode": 4,
            "bytes": 7684,
            "text": 434,
            "checksum": 0
        },
        "reYIK_d": {
            "mod": "std",
            "cls": 4481,
            "out": "reYIK_d.o",
            "mode": 4,
            "bytes": 33820,
            "archive": "archive.0/_7504_archive_1.a",
            "text": 4774,
            "checksum": 0
        },
        "tf9h2_d": {
            "mod": "testbench13",
            "out": "tf9h2_d.o",
            "mode": 4,
            "bytes": 196076,
            "archive": "archive.0/_7504_archive_1.a",
            "text": 128809,
            "checksum": 0
        }
    },
    "Modules": {
        "std": {
            "svclass": [
                "$vcs_nba_dyn_obj",
                385,
                37,
                2,
                2,
                0,
                "sigprop$$",
                385,
                37,
                2,
                2,
                0,
                "process",
                1645,
                184,
                8,
                8,
                0,
                "event",
                462,
                36,
                2,
                2,
                0,
                "mailbox",
                922,
                107,
                9,
                9,
                0,
                "semaphore",
                682,
                71,
                5,
                5,
                0
            ],
            "nRouts": 33,
            "start_perf": [
                0.53561997413635254,
                0.199243,
                0.088399000000000005,
                234720,
                245292,
                1620931602.426739,
                16893196791729752
            ],
            "child_modules": {},
            "Compiled": "Yes",
            "Compiled Times": 1,
            "end_perf": [
                0.56150007247924805,
                0.20800199999999999,
                0.093104999999999993,
                238140,
                245292,
                16893196848589794,
                8589934594,
                0
            ],
            "nQuads": 218,
            "nMops": 472
        },
        "...MASTER...": {
            "nRouts": 5,
            "child_modules": {
                "std": 1,
                "testbench13": 1
            },
            "start_perf": [
                0.51988410949707031,
                0.19595799999999999,
                0.082926,
                232284,
                245292,
                1620931602.4110031,
                16893196757196140
            ],
            "end_perf": [
                0.53500699996948242,
                0.199243,
                0.087785000000000002,
                234720,
                245292,
                16893196790435810,
                0,
                0
            ],
            "nQuads": 0,
            "nMops": 0
        },
        "testbench13": {
            "nRouts": 590,
            "start_perf": [
                0.561614990234375,
                0.20808099999999999,
                0.093141000000000002,
                238140,
                245292,
                1620931602.452734,
                16893196848769806
            ],
            "child_modules": {},
            "Compiled": "Yes",
            "Compiled Times": 1,
            "significant_routs": [
                [
                    75,
                    "R_VCSgd_tf9h2_4b",
                    5464928,
                    4140,
                    836
                ],
                [
                    133,
                    "R_VCSgd_tf9h2_85",
                    5538630,
                    5171,
                    652
                ],
                [
                    151,
                    "R_VCSgd_tf9h2_97",
                    10018200,
                    11078,
                    2232
                ],
                [
                    152,
                    "R_VCSgd_tf9h2_98",
                    16593354,
                    17361,
                    2880
                ]
            ],
            "end_perf": [
                0.66219401359558105,
                0.297371,
                0.10442800000000001,
                243776,
                245292,
                16893197069589168,
                12884901889,
                0
            ],
            "nQuads": 6983,
            "nMops": 18474
        }
    },
    "reusePaths": {},
    "stat": {
        "cpu_cycles_end": 16893197225971962,
        "ru_self_end": {
            "ru_utime_sec": 0.30059799999999998,
            "ru_stime_sec": 0.12202499999999999,
            "ru_nivcsw": 169,
            "ru_maxrss_kb": 80452,
            "ru_minflt": 30775,
            "ru_nvcsw": 342,
            "ru_majflt": 0
        },
        "ru_childs_end": {
            "ru_utime_sec": 0.017887,
            "ru_stime_sec": 0.028008000000000002,
            "ru_nivcsw": 9,
            "ru_maxrss_kb": 18160,
            "ru_minflt": 6918,
            "ru_nvcsw": 21,
            "ru_majflt": 0
        },
        "peak_mem_kb": 245464
    },
    "ObjArchives": [
        {
            "objects": [
                [
                    "reYIK_d.o",
                    33820
                ],
                [
                    "tf9h2_d.o",
                    196076
                ],
                [
                    "amcQwB.o",
                    99340
                ]
            ],
            "archive": "archive.0/_7504_archive_1.a",
            "size": 329236
        }
    ]
}